epoch,time,train/box_loss,train/cls_loss,train/dfl_loss,metrics/precision(B),metrics/recall(B),metrics/mAP50(B),metrics/mAP50-95(B),val/box_loss,val/cls_loss,val/dfl_loss,lr/pg0,lr/pg1,lr/pg2
1,19.4608,1.71147,6.07784,1.69796,0.00057,0.00191,0.00034,0.00024,1.26339,inf,1.32366,8.4e-06,8.4e-06,8.4e-06
2,32.2553,1.36643,5.73306,1.37303,0.00379,0.00464,0.00247,0.00192,1.23291,inf,1.25442,1.70787e-05,1.70787e-05,1.70787e-05
3,45.8687,1.26775,5.2599,1.26041,0.00792,0.02902,0.01059,0.00774,1.20594,inf,1.22081,2.57522e-05,2.57522e-05,2.57522e-05
4,59.582,1.24351,4.8521,1.22899,0.26151,0.03458,0.02575,0.01982,1.20258,inf,1.22938,2.7981e-05,2.7981e-05,2.7981e-05
5,73.3574,1.23123,4.47833,1.22691,0.31154,0.04896,0.05353,0.03972,1.19015,3.81343,1.23672,2.79662e-05,2.79662e-05,2.79662e-05
6,87.0747,1.25229,4.16326,1.22012,0.36873,0.06085,0.07644,0.05768,1.1909,3.57843,1.23786,2.79473e-05,2.79473e-05,2.79473e-05
7,100.837,1.24759,3.81369,1.21995,0.3478,0.10693,0.1159,0.0845,1.18203,3.33739,1.23589,2.79241e-05,2.79241e-05,2.79241e-05
8,114.668,1.24855,3.56971,1.20091,0.38354,0.14332,0.15286,0.10943,1.17142,3.05937,1.24737,2.78967e-05,2.78967e-05,2.78967e-05
9,128.351,1.22494,3.15886,1.21397,0.37077,0.1941,0.20167,0.14443,1.16214,2.75813,1.23417,2.78651e-05,2.78651e-05,2.78651e-05
10,142.165,1.24606,2.89837,1.20587,0.39984,0.23907,0.24869,0.17804,1.14713,2.45364,1.24047,2.78294e-05,2.78294e-05,2.78294e-05
11,155.839,1.24271,2.63896,1.22381,0.43326,0.27687,0.30081,0.21164,1.15056,2.22796,1.23645,2.77894e-05,2.77894e-05,2.77894e-05
12,169.589,1.22503,2.3839,1.21388,0.4741,0.3241,0.34866,0.24645,1.13572,1.98463,1.2443,2.77454e-05,2.77454e-05,2.77454e-05
13,183.303,1.19131,2.20942,1.1965,0.51802,0.35271,0.37875,0.26846,1.11859,1.80726,1.231,2.76971e-05,2.76971e-05,2.76971e-05
14,196.907,1.1896,2.10398,1.21128,0.54906,0.38306,0.40243,0.28366,1.12645,1.66319,1.2315,2.76448e-05,2.76448e-05,2.76448e-05
15,210.571,1.17855,1.85865,1.20816,0.56002,0.41821,0.43752,0.30704,1.12822,1.4888,1.23401,2.75883e-05,2.75883e-05,2.75883e-05
16,224.147,1.15209,1.74551,1.19669,0.586,0.45299,0.4736,0.33217,1.1188,1.36086,1.22328,2.75277e-05,2.75277e-05,2.75277e-05
17,237.799,1.16577,1.64729,1.18439,0.61658,0.478,0.51238,0.35986,1.11219,1.26797,1.22612,2.74631e-05,2.74631e-05,2.74631e-05
18,251.608,1.13129,1.5449,1.15806,0.60435,0.51664,0.5385,0.38019,1.10422,1.18006,1.20928,2.73944e-05,2.73944e-05,2.73944e-05
19,265.301,1.13509,1.44371,1.16611,0.67306,0.5336,0.56349,0.39594,1.10335,1.13236,1.21237,2.73216e-05,2.73216e-05,2.73216e-05
20,278.943,1.13552,1.37355,1.16443,0.6833,0.5358,0.59031,0.41871,1.11643,1.07699,1.20374,2.72449e-05,2.72449e-05,2.72449e-05
21,292.515,1.12926,1.3135,1.19121,0.68948,0.5645,0.61091,0.43364,1.08821,1.01572,1.20508,2.71641e-05,2.71641e-05,2.71641e-05
22,306.053,1.12871,1.31894,1.16558,0.68919,0.57272,0.61966,0.43918,1.09431,0.99739,1.1994,2.70794e-05,2.70794e-05,2.70794e-05
23,319.689,1.12216,1.24655,1.15172,0.72342,0.56698,0.64056,0.45802,1.07881,0.9587,1.1924,2.69908e-05,2.69908e-05,2.69908e-05
24,333.262,1.12114,1.21042,1.15952,0.65129,0.64322,0.65625,0.46924,1.07114,0.91836,1.19543,2.68982e-05,2.68982e-05,2.68982e-05
25,346.785,1.0823,1.11936,1.16323,0.69452,0.64906,0.6736,0.48339,1.06544,0.88852,1.18318,2.68017e-05,2.68017e-05,2.68017e-05
26,360.252,1.09398,1.11715,1.16178,0.69652,0.66017,0.68674,0.49106,1.05402,0.85179,1.17873,2.67014e-05,2.67014e-05,2.67014e-05
27,373.895,1.10376,1.14036,1.14343,0.72256,0.66117,0.69754,0.50467,1.05298,0.82148,1.17644,2.65973e-05,2.65973e-05,2.65973e-05
28,387.446,1.0811,1.09052,1.13999,0.72404,0.67472,0.71107,0.50872,1.04796,0.81039,1.17741,2.64894e-05,2.64894e-05,2.64894e-05
29,400.917,1.06319,1.05108,1.14246,0.725,0.68971,0.72263,0.52257,1.04504,0.78379,1.16996,2.63777e-05,2.63777e-05,2.63777e-05
30,414.341,1.0829,1.04007,1.14758,0.7176,0.69817,0.72506,0.52457,1.03734,0.77362,1.16738,2.62622e-05,2.62622e-05,2.62622e-05
31,427.87,1.08999,1.0253,1.14055,0.73596,0.70937,0.73892,0.53617,1.02794,0.76433,1.16354,2.61431e-05,2.61431e-05,2.61431e-05
32,441.386,1.06089,1.00808,1.12881,0.71469,0.73628,0.74584,0.54189,1.02596,0.74498,1.16219,2.60203e-05,2.60203e-05,2.60203e-05
33,454.86,1.05595,0.95799,1.13731,0.7397,0.73171,0.75258,0.54979,1.02062,0.7333,1.16244,2.58939e-05,2.58939e-05,2.58939e-05
34,468.389,1.04898,0.95447,1.12098,0.76604,0.72817,0.76144,0.5534,1.02436,0.72216,1.15901,2.5764e-05,2.5764e-05,2.5764e-05
35,481.848,1.04853,0.93464,1.14307,0.77503,0.741,0.76955,0.5643,1.0106,0.71141,1.15471,2.56305e-05,2.56305e-05,2.56305e-05
36,495.317,1.05242,0.94323,1.14013,0.78103,0.74289,0.77522,0.56961,1.00379,0.69528,1.15454,2.54934e-05,2.54934e-05,2.54934e-05
37,508.79,1.0576,0.92722,1.14206,0.8086,0.72246,0.79211,0.58631,1.00217,0.6928,1.1453,2.5353e-05,2.5353e-05,2.5353e-05
38,522.206,1.03523,0.89704,1.12211,0.7981,0.72855,0.7863,0.58405,0.98903,0.6931,1.14096,2.52091e-05,2.52091e-05,2.52091e-05
39,535.185,1.03805,0.87062,1.12862,0.80998,0.72238,0.79063,0.58645,0.9809,0.67385,1.13816,2.50618e-05,2.50618e-05,2.50618e-05
40,548.61,1.04436,0.89843,1.13311,0.79564,0.74519,0.79988,0.59514,0.97492,0.66422,1.13765,2.49112e-05,2.49112e-05,2.49112e-05
41,562.079,1.0199,0.867,1.12013,0.80098,0.75332,0.80128,0.59382,0.97944,0.65875,1.13826,2.47574e-05,2.47574e-05,2.47574e-05
42,575.034,1.02497,0.86841,1.11429,0.81499,0.74839,0.80935,0.60441,0.96726,0.64502,1.13204,2.46003e-05,2.46003e-05,2.46003e-05
43,588.47,1.02506,0.8506,1.12043,0.76897,0.77983,0.80977,0.59853,0.97622,0.63927,1.12684,2.444e-05,2.444e-05,2.444e-05
44,601.462,1.02778,0.85193,1.11443,0.79434,0.78115,0.81247,0.61016,0.96512,0.63243,1.12265,2.42766e-05,2.42766e-05,2.42766e-05
45,614.895,0.9928,0.82127,1.10608,0.81525,0.76123,0.81627,0.60599,0.9836,0.63186,1.14519,2.411e-05,2.411e-05,2.411e-05
46,627.829,0.99572,0.83327,1.10909,0.83592,0.75635,0.82674,0.62265,0.95287,0.62041,1.12572,2.39405e-05,2.39405e-05,2.39405e-05
47,641.356,1.01467,0.8359,1.10085,0.84003,0.75085,0.82992,0.62298,0.96074,0.60828,1.1302,2.3768e-05,2.3768e-05,2.3768e-05
48,654.854,0.98857,0.79639,1.10107,0.83846,0.7629,0.82732,0.62559,0.95925,0.60792,1.1249,2.35925e-05,2.35925e-05,2.35925e-05
49,668.386,0.99959,0.82136,1.10122,0.83355,0.76237,0.82819,0.62667,0.94818,0.60558,1.11746,2.34142e-05,2.34142e-05,2.34142e-05
50,681.841,1.00773,0.82162,1.1108,0.84188,0.76369,0.82839,0.62383,0.96178,0.60441,1.12749,2.3233e-05,2.3233e-05,2.3233e-05
51,694.86,0.99083,0.79097,1.09789,0.8236,0.78684,0.83305,0.62882,0.94218,0.59954,1.11836,2.3049e-05,2.3049e-05,2.3049e-05
52,708.42,0.97349,0.78211,1.08899,0.79224,0.8073,0.83968,0.6375,0.94061,0.59197,1.11371,2.28624e-05,2.28624e-05,2.28624e-05
53,721.86,0.98267,0.80302,1.10616,0.82465,0.78295,0.84281,0.63821,0.945,0.59141,1.11762,2.26731e-05,2.26731e-05,2.26731e-05
54,735.231,0.97453,0.77679,1.09197,0.79852,0.81227,0.85029,0.6461,0.93927,0.58307,1.11533,2.24812e-05,2.24812e-05,2.24812e-05
55,748.678,0.98284,0.76563,1.09384,0.80584,0.81563,0.84937,0.64799,0.92444,0.57139,1.10951,2.22867e-05,2.22867e-05,2.22867e-05
56,762.151,0.98388,0.78206,1.10297,0.7971,0.81796,0.84811,0.64859,0.92541,0.57235,1.10521,2.20898e-05,2.20898e-05,2.20898e-05
57,775.617,0.98656,0.76545,1.0897,0.83925,0.78847,0.84471,0.64309,0.9381,0.57411,1.1115,2.18904e-05,2.18904e-05,2.18904e-05
58,788.626,0.97562,0.75501,1.08786,0.83627,0.79675,0.85172,0.65061,0.92745,0.56641,1.10602,2.16887e-05,2.16887e-05,2.16887e-05
59,802,0.96096,0.74447,1.09192,0.8456,0.79827,0.85477,0.64605,0.94469,0.56632,1.10956,2.14847e-05,2.14847e-05,2.14847e-05
60,814.968,0.97385,0.75465,1.09538,0.83621,0.81156,0.85615,0.6504,0.93994,0.55944,1.11443,2.12784e-05,2.12784e-05,2.12784e-05
61,827.975,0.96969,0.74779,1.08389,0.86143,0.78949,0.85854,0.65905,0.90754,0.54963,1.09749,2.107e-05,2.107e-05,2.107e-05
62,841.318,0.96269,0.74719,1.08421,0.885,0.77327,0.86329,0.66128,0.91198,0.54613,1.10135,2.08595e-05,2.08595e-05,2.08595e-05
63,854.748,0.95372,0.71789,1.07686,0.88363,0.78648,0.86247,0.66577,0.90287,0.54628,1.09366,2.06469e-05,2.06469e-05,2.06469e-05
64,868.224,0.95196,0.72283,1.09101,0.85943,0.80242,0.86316,0.66433,0.9076,0.54045,1.09495,2.04323e-05,2.04323e-05,2.04323e-05
65,881.097,0.94412,0.71431,1.08559,0.8481,0.80993,0.86949,0.67224,0.90413,0.53341,1.09107,2.02158e-05,2.02158e-05,2.02158e-05
66,894.553,0.93451,0.7179,1.08216,0.87323,0.79854,0.8698,0.67472,0.89764,0.53049,1.09159,1.99975e-05,1.99975e-05,1.99975e-05
67,908.042,0.95127,0.7107,1.06798,0.8761,0.79824,0.87416,0.67649,0.89383,0.53286,1.0856,1.97774e-05,1.97774e-05,1.97774e-05
68,921.494,0.9481,0.7249,1.07003,0.86992,0.81044,0.87428,0.67825,0.88318,0.52256,1.08458,1.95555e-05,1.95555e-05,1.95555e-05
69,934.918,0.93968,0.71605,1.07381,0.84328,0.83394,0.87753,0.68497,0.8814,0.51892,1.08151,1.9332e-05,1.9332e-05,1.9332e-05
70,948.209,0.93284,0.69285,1.07555,0.87409,0.81606,0.87677,0.67689,0.89971,0.52075,1.09011,1.9107e-05,1.9107e-05,1.9107e-05
71,961.122,0.93058,0.70525,1.07867,0.88644,0.80877,0.87695,0.68518,0.88046,0.51506,1.08008,1.88804e-05,1.88804e-05,1.88804e-05
72,974.626,0.91663,0.70712,1.05267,0.88262,0.81147,0.87173,0.67911,0.87321,0.51803,1.07875,1.86524e-05,1.86524e-05,1.86524e-05
73,987.627,0.9253,0.68232,1.06609,0.89145,0.81165,0.88296,0.69057,0.87662,0.5075,1.08045,1.8423e-05,1.8423e-05,1.8423e-05
74,1001.11,0.91383,0.66925,1.05621,0.8824,0.81885,0.88065,0.68938,0.86814,0.50032,1.07324,1.81923e-05,1.81923e-05,1.81923e-05
75,1014.05,0.91064,0.67725,1.0654,0.86962,0.82472,0.8867,0.69491,0.86229,0.49707,1.07404,1.79603e-05,1.79603e-05,1.79603e-05
76,1027.42,0.92438,0.69694,1.07272,0.87725,0.8327,0.88358,0.69238,0.86714,0.50447,1.07422,1.77272e-05,1.77272e-05,1.77272e-05
77,1040.26,0.90723,0.67288,1.07607,0.86278,0.84836,0.88526,0.6913,0.8671,0.50194,1.0752,1.7493e-05,1.7493e-05,1.7493e-05
78,1053.17,0.89169,0.67197,1.05838,0.8885,0.82616,0.88725,0.69726,0.86259,0.49778,1.07368,1.72578e-05,1.72578e-05,1.72578e-05
79,1066.63,0.92283,0.68193,1.07456,0.89911,0.83061,0.89111,0.70068,0.85529,0.49767,1.06925,1.70217e-05,1.70217e-05,1.70217e-05
80,1080.11,0.91066,0.65743,1.05589,0.89871,0.81999,0.89469,0.70279,0.85882,0.49168,1.06911,1.67846e-05,1.67846e-05,1.67846e-05
81,1093.54,0.90761,0.65349,1.075,0.88625,0.83168,0.89634,0.70625,0.86516,0.49378,1.07064,1.65468e-05,1.65468e-05,1.65468e-05
82,1106.96,0.90537,0.66351,1.05889,0.90966,0.81227,0.89324,0.69616,0.88753,0.48856,1.08446,1.63082e-05,1.63082e-05,1.63082e-05
83,1119.8,0.90297,0.65564,1.0742,0.88654,0.83562,0.89626,0.71186,0.849,0.48314,1.06612,1.60689e-05,1.60689e-05,1.60689e-05
84,1133.22,0.8951,0.65202,1.05461,0.90211,0.82235,0.89276,0.70789,0.84691,0.47931,1.06513,1.58291e-05,1.58291e-05,1.58291e-05
85,1146.15,0.8961,0.64645,1.05247,0.88358,0.83611,0.89459,0.7094,0.84583,0.47682,1.06241,1.55888e-05,1.55888e-05,1.55888e-05
86,1158.95,0.89808,0.65424,1.06888,0.87294,0.84493,0.8992,0.71198,0.85764,0.48043,1.06841,1.5348e-05,1.5348e-05,1.5348e-05
87,1172.34,0.90081,0.64243,1.05481,0.91518,0.82199,0.90005,0.71235,0.84824,0.47681,1.063,1.51068e-05,1.51068e-05,1.51068e-05
88,1185.73,0.89063,0.65396,1.05828,0.91237,0.81598,0.89649,0.71082,0.84605,0.47479,1.06147,1.48654e-05,1.48654e-05,1.48654e-05
89,1198.61,0.89791,0.64192,1.05161,0.88842,0.83693,0.89938,0.71358,0.83978,0.46952,1.05937,1.46237e-05,1.46237e-05,1.46237e-05
90,1212.02,0.88754,0.6417,1.04912,0.88549,0.8445,0.89974,0.71691,0.83251,0.46777,1.05264,1.43819e-05,1.43819e-05,1.43819e-05
91,1225.34,0.88514,0.63335,1.06019,0.86837,0.85398,0.89726,0.71165,0.84423,0.47184,1.05991,1.414e-05,1.414e-05,1.414e-05
92,1238.2,0.87526,0.63306,1.05837,0.8796,0.85264,0.89877,0.71407,0.83032,0.46772,1.05284,1.38981e-05,1.38981e-05,1.38981e-05
93,1251.21,0.86969,0.63288,1.04578,0.88453,0.85421,0.90069,0.71383,0.83849,0.46516,1.059,1.36563e-05,1.36563e-05,1.36563e-05
94,1264.04,0.87207,0.63557,1.05802,0.88797,0.85484,0.90009,0.71783,0.82381,0.4632,1.05323,1.34146e-05,1.34146e-05,1.34146e-05
95,1277.43,0.88065,0.63383,1.04227,0.9092,0.83917,0.90457,0.72223,0.81748,0.4607,1.04798,1.31732e-05,1.31732e-05,1.31732e-05
96,1290.79,0.87344,0.62417,1.04305,0.91506,0.83758,0.90304,0.72281,0.81974,0.45997,1.04778,1.2932e-05,1.2932e-05,1.2932e-05
97,1304.21,0.89167,0.63446,1.04916,0.89873,0.85657,0.90355,0.72348,0.81357,0.45642,1.04537,1.26912e-05,1.26912e-05,1.26912e-05
98,1317.57,0.8674,0.6368,1.04221,0.92171,0.84098,0.90708,0.71973,0.83954,0.45839,1.05771,1.24509e-05,1.24509e-05,1.24509e-05
99,1330.48,0.87696,0.62743,1.04054,0.92878,0.8301,0.90385,0.72442,0.81208,0.45436,1.04403,1.22111e-05,1.22111e-05,1.22111e-05
100,1343.9,0.88339,0.62024,1.04509,0.87925,0.86829,0.91113,0.72817,0.81406,0.45538,1.04693,1.19718e-05,1.19718e-05,1.19718e-05
101,1357.28,0.86865,0.61349,1.04047,0.89009,0.86492,0.91091,0.73072,0.81571,0.45456,1.04732,1.17332e-05,1.17332e-05,1.17332e-05
102,1370.6,0.87532,0.62581,1.04771,0.88942,0.86379,0.91203,0.73296,0.81158,0.44995,1.04535,1.14954e-05,1.14954e-05,1.14954e-05
103,1383.98,0.88076,0.62821,1.05743,0.87923,0.86791,0.91454,0.73364,0.80724,0.4515,1.04304,1.12583e-05,1.12583e-05,1.12583e-05
104,1397.4,0.86864,0.60894,1.03826,0.89429,0.86486,0.91703,0.73807,0.80832,0.4479,1.04303,1.10222e-05,1.10222e-05,1.10222e-05
105,1410.86,0.85015,0.61404,1.02821,0.87529,0.87199,0.9163,0.73746,0.8058,0.44918,1.04173,1.0787e-05,1.0787e-05,1.0787e-05
106,1423.83,0.86817,0.60059,1.0465,0.87529,0.87398,0.91603,0.73534,0.80748,0.44979,1.0416,1.05528e-05,1.05528e-05,1.05528e-05
107,1436.67,0.85939,0.60816,1.04874,0.88385,0.86886,0.91619,0.73829,0.81072,0.44912,1.04348,1.03197e-05,1.03197e-05,1.03197e-05
108,1450.09,0.85578,0.60173,1.03748,0.90725,0.85433,0.91784,0.73886,0.8107,0.44976,1.04225,1.00877e-05,1.00877e-05,1.00877e-05
109,1463.44,0.86411,0.60248,1.04976,0.87956,0.87026,0.91729,0.73794,0.80506,0.44112,1.04203,9.85702e-06,9.85702e-06,9.85702e-06
110,1476.32,0.86583,0.61295,1.03606,0.8866,0.86804,0.91892,0.73905,0.80597,0.44116,1.04243,9.62763e-06,9.62763e-06,9.62763e-06
111,1489.7,0.87009,0.60189,1.04605,0.90386,0.86526,0.92191,0.74576,0.7981,0.44027,1.03688,9.3996e-06,9.3996e-06,9.3996e-06
112,1503.02,0.85725,0.60068,1.04386,0.9052,0.85657,0.9192,0.73587,0.82034,0.44532,1.04795,9.17302e-06,9.17302e-06,9.17302e-06
113,1515.93,0.86314,0.60433,1.04015,0.88163,0.87857,0.91958,0.74303,0.79137,0.43706,1.03521,8.94795e-06,8.94795e-06,8.94795e-06
114,1528.89,0.86027,0.60293,1.04485,0.88028,0.88173,0.92047,0.74159,0.79842,0.435,1.03824,8.72447e-06,8.72447e-06,8.72447e-06
115,1541.86,0.86153,0.60606,1.02944,0.88706,0.8793,0.91919,0.74472,0.79584,0.43177,1.03592,8.50263e-06,8.50263e-06,8.50263e-06
116,1554.75,0.84661,0.59743,1.03288,0.88072,0.88447,0.91965,0.74402,0.79864,0.4329,1.03777,8.28251e-06,8.28251e-06,8.28251e-06
117,1567.66,0.83723,0.59115,1.02643,0.87873,0.88094,0.91775,0.74481,0.79051,0.43042,1.03535,8.06418e-06,8.06418e-06,8.06418e-06
118,1580.51,0.84663,0.59231,1.0349,0.88497,0.87678,0.91896,0.74648,0.78739,0.43,1.03348,7.84769e-06,7.84769e-06,7.84769e-06
119,1593.98,0.85118,0.59158,1.02742,0.91551,0.85625,0.92264,0.75075,0.78185,0.42919,1.03083,7.63312e-06,7.63312e-06,7.63312e-06
120,1607.44,0.84895,0.59349,1.0286,0.90907,0.86766,0.92438,0.74998,0.78034,0.42744,1.03006,7.42054e-06,7.42054e-06,7.42054e-06
121,1620.39,0.84774,0.5818,1.03851,0.90209,0.87274,0.92191,0.74662,0.77964,0.42973,1.02917,7.21e-06,7.21e-06,7.21e-06
122,1633.3,0.84529,0.58988,1.03553,0.90815,0.87268,0.92193,0.74764,0.77748,0.42868,1.02737,7.00157e-06,7.00157e-06,7.00157e-06
123,1646.19,0.84006,0.58308,1.03423,0.90135,0.87283,0.92264,0.74478,0.78508,0.42663,1.03126,6.79532e-06,6.79532e-06,6.79532e-06
124,1659.08,0.8554,0.59352,1.03386,0.90168,0.86748,0.92503,0.75128,0.78255,0.42649,1.03025,6.5913e-06,6.5913e-06,6.5913e-06
125,1672.5,0.84308,0.58676,1.03449,0.8971,0.87319,0.92382,0.74126,0.80278,0.43145,1.03887,6.38959e-06,6.38959e-06,6.38959e-06
126,1685.33,0.83545,0.59308,1.0296,0.90653,0.873,0.92907,0.75111,0.77953,0.42586,1.02827,6.19023e-06,6.19023e-06,6.19023e-06
127,1698.19,0.83319,0.58494,1.0267,0.90566,0.87512,0.92777,0.75312,0.77634,0.42247,1.02571,5.9933e-06,5.9933e-06,5.9933e-06
128,1711.6,0.8445,0.5804,1.02972,0.89752,0.87188,0.92961,0.75185,0.78982,0.42552,1.03146,5.79884e-06,5.79884e-06,5.79884e-06
129,1724.56,0.83613,0.5965,1.01907,0.90987,0.86535,0.92622,0.7545,0.77765,0.42167,1.02677,5.60693e-06,5.60693e-06,5.60693e-06
130,1737.91,0.84363,0.57435,1.03232,0.9139,0.86805,0.92614,0.75336,0.77802,0.4209,1.02904,5.41762e-06,5.41762e-06,5.41762e-06
131,1750.84,0.84252,0.58443,1.03916,0.92157,0.86348,0.92722,0.75443,0.78039,0.42184,1.02906,5.23096e-06,5.23096e-06,5.23096e-06
132,1763.71,0.828,0.57756,1.02205,0.92115,0.86266,0.93067,0.75942,0.77498,0.41981,1.02586,5.04702e-06,5.04702e-06,5.04702e-06
133,1777.18,0.85807,0.59352,1.04103,0.90918,0.86998,0.93015,0.75682,0.77716,0.41952,1.02508,4.86585e-06,4.86585e-06,4.86585e-06
134,1790.14,0.83854,0.57712,1.02275,0.9224,0.86039,0.92935,0.7582,0.7737,0.41831,1.02374,4.6875e-06,4.6875e-06,4.6875e-06
135,1803.11,0.82756,0.5695,1.01884,0.93549,0.85269,0.93044,0.75763,0.77427,0.41832,1.02543,4.51203e-06,4.51203e-06,4.51203e-06
136,1815.99,0.83496,0.571,1.0379,0.90967,0.87436,0.92759,0.75443,0.77258,0.41763,1.02481,4.3395e-06,4.3395e-06,4.3395e-06
137,1828.87,0.8302,0.57363,1.02562,0.89977,0.8755,0.92965,0.7579,0.76873,0.41779,1.02233,4.16995e-06,4.16995e-06,4.16995e-06
138,1841.78,0.83274,0.57389,1.02798,0.91441,0.86661,0.92931,0.75553,0.77441,0.4174,1.02532,4.00344e-06,4.00344e-06,4.00344e-06
139,1854.64,0.81713,0.57013,1.0247,0.90026,0.87234,0.93146,0.76043,0.76938,0.41689,1.02307,3.84001e-06,3.84001e-06,3.84001e-06
140,1868.13,0.83292,0.57391,1.01124,0.90514,0.87313,0.93181,0.7619,0.76427,0.41358,1.02092,3.67973e-06,3.67973e-06,3.67973e-06
141,1881.54,0.83017,0.57691,1.02892,0.89959,0.8775,0.93131,0.75973,0.76718,0.41367,1.02188,3.52262e-06,3.52262e-06,3.52262e-06
142,1894.48,0.83282,0.57952,1.01387,0.91102,0.86882,0.93114,0.75794,0.77138,0.4147,1.02391,3.36876e-06,3.36876e-06,3.36876e-06
143,1907.45,0.83188,0.57361,1.01523,0.90416,0.87341,0.93243,0.76003,0.76818,0.41271,1.02241,3.21817e-06,3.21817e-06,3.21817e-06
144,1920.42,0.82361,0.57166,1.01714,0.89394,0.87927,0.93194,0.7611,0.76526,0.41237,1.0205,3.07091e-06,3.07091e-06,3.07091e-06
145,1933.32,0.83831,0.57973,1.02812,0.90629,0.87656,0.93296,0.76106,0.76463,0.41351,1.02078,2.92702e-06,2.92702e-06,2.92702e-06
146,1946.25,0.82871,0.5741,1.01937,0.90165,0.87724,0.93197,0.76136,0.76366,0.41241,1.0206,2.78655e-06,2.78655e-06,2.78655e-06
147,1959.16,0.82179,0.56608,1.01519,0.89873,0.87986,0.93253,0.76174,0.76391,0.41152,1.02054,2.64954e-06,2.64954e-06,2.64954e-06
148,1972.07,0.83993,0.57727,1.01961,0.90196,0.87692,0.93172,0.762,0.76321,0.41193,1.01966,2.51603e-06,2.51603e-06,2.51603e-06
149,1985.45,0.82664,0.56413,1.0329,0.919,0.86651,0.9324,0.76263,0.7651,0.41218,1.02094,2.38605e-06,2.38605e-06,2.38605e-06
150,1998.69,0.82176,0.56598,1.0252,0.91598,0.86767,0.93221,0.76217,0.76728,0.41287,1.02196,2.25966e-06,2.25966e-06,2.25966e-06
151,2011.59,0.83509,0.58536,1.01952,0.91556,0.87066,0.93314,0.76479,0.76234,0.41151,1.01998,2.13689e-06,2.13689e-06,2.13689e-06
152,2025.02,0.83824,0.58621,1.02011,0.91047,0.87591,0.93342,0.76447,0.76151,0.41133,1.01921,2.01777e-06,2.01777e-06,2.01777e-06
153,2038.02,0.84549,0.58297,1.02583,0.91874,0.86842,0.93426,0.76417,0.76223,0.41109,1.01925,1.90235e-06,1.90235e-06,1.90235e-06
154,2050.95,0.82167,0.57643,1.02345,0.9011,0.8823,0.93359,0.76435,0.76131,0.41074,1.01834,1.79065e-06,1.79065e-06,1.79065e-06
155,2063.92,0.84342,0.58336,1.02441,0.90656,0.87631,0.93186,0.76145,0.76381,0.41087,1.01948,1.68271e-06,1.68271e-06,1.68271e-06
156,2076.86,0.82417,0.56337,1.02891,0.90619,0.87824,0.93309,0.76319,0.76452,0.41044,1.02016,1.57857e-06,1.57857e-06,1.57857e-06
157,2089.76,0.82064,0.55948,1.01999,0.90219,0.88048,0.93295,0.76248,0.76318,0.41044,1.0199,1.47826e-06,1.47826e-06,1.47826e-06
158,2102.61,0.81495,0.56718,1.01648,0.90618,0.87673,0.93272,0.76389,0.76146,0.41023,1.01943,1.3818e-06,1.3818e-06,1.3818e-06
159,2115.52,0.83176,0.57152,1.02961,0.90648,0.87739,0.93316,0.764,0.76405,0.41155,1.01971,1.28923e-06,1.28923e-06,1.28923e-06
160,2128.43,0.81616,0.56384,1.0106,0.90864,0.87477,0.93234,0.7629,0.76267,0.41099,1.01913,1.20058e-06,1.20058e-06,1.20058e-06
161,2144.78,0.82891,0.57409,1.05195,0.90426,0.87226,0.92604,0.75452,0.78045,0.42761,1.02841,1.11586e-06,1.11586e-06,1.11586e-06
162,2157.32,0.827,0.58033,1.05926,0.87417,0.87922,0.91664,0.73915,0.79841,0.4474,1.03947,1.03511e-06,1.03511e-06,1.03511e-06
163,2169.84,0.8248,0.57373,1.05898,0.8731,0.87784,0.91302,0.73391,0.80115,0.45157,1.04166,9.58357e-07,9.58357e-07,9.58357e-07
164,2182.35,0.8357,0.57726,1.05195,0.8755,0.87695,0.91293,0.7349,0.8026,0.45247,1.04236,8.85616e-07,8.85616e-07,8.85616e-07
165,2194.88,0.82612,0.56929,1.04744,0.87979,0.87844,0.91414,0.73671,0.79775,0.44817,1.03931,8.16913e-07,8.16913e-07,8.16913e-07
166,2207.34,0.82952,0.57358,1.0611,0.88402,0.87709,0.91417,0.7379,0.79404,0.44511,1.0373,7.52268e-07,7.52268e-07,7.52268e-07
167,2219.85,0.81231,0.55811,1.04614,0.88544,0.87647,0.9142,0.73816,0.79256,0.44411,1.03648,6.91701e-07,6.91701e-07,6.91701e-07
168,2232.36,0.81285,0.54815,1.04837,0.88946,0.8745,0.91668,0.74183,0.78864,0.44086,1.03449,6.35231e-07,6.35231e-07,6.35231e-07
169,2244.86,0.8159,0.56187,1.04487,0.88693,0.87571,0.91495,0.73931,0.78861,0.44103,1.03431,5.82874e-07,5.82874e-07,5.82874e-07
170,2257.39,0.81235,0.54873,1.05019,0.8881,0.87628,0.91532,0.74055,0.7867,0.43865,1.03371,5.34647e-07,5.34647e-07,5.34647e-07
171,2269.9,0.82075,0.56525,1.03755,0.89335,0.87192,0.91536,0.74063,0.787,0.43961,1.03393,4.90565e-07,4.90565e-07,4.90565e-07
172,2282.47,0.80923,0.54672,1.04874,0.89263,0.87531,0.91544,0.74178,0.78225,0.43654,1.03112,4.5064e-07,4.5064e-07,4.5064e-07
173,2294.99,0.81877,0.56189,1.05098,0.89898,0.87733,0.9206,0.7476,0.78,0.43513,1.0295,4.14885e-07,4.14885e-07,4.14885e-07
174,2307.43,0.81459,0.5502,1.03284,0.89962,0.87437,0.91972,0.7456,0.7823,0.43515,1.03095,3.8331e-07,3.8331e-07,3.8331e-07
175,2319.93,0.82489,0.56335,1.04005,0.89707,0.87439,0.91636,0.74424,0.78236,0.43642,1.03108,3.55927e-07,3.55927e-07,3.55927e-07
176,2332.43,0.8121,0.54877,1.03588,0.90165,0.8728,0.91953,0.74667,0.78317,0.43583,1.03169,3.32741e-07,3.32741e-07,3.32741e-07
